Season 1,,SPH SPORTS 2026-27 MASTER SCHEDULE,,,,,,,,,,,,,,,,,,
,,Color Code:,PRACTICE,,HOME GAMES,AWAY GAMES,,TOURNAMENTS,HOLIDAYS,,,,,,,,,,,
,, ,,,,,,,,,,,,,,,,,,
,,Varsity Boys Soccer,Varsity Girls Soccer,,Varsity Boys Volleyball,Varsity Girls Volleyball,,SMP Boys Basketball,SMP Girls Basketball,,Varsity Swim,,Cross Country,,JS 5-6 Boys Basketball,JS 5-6 Girls Basketball,JS 3-4 Mixed Basketball,,,
WEEK #1,,,,,,,,,,,,,,,,,,,,
Wed,29-Jul,,,,,,,,,,,,,,,,,,,
Thur,30-Jul,,,,,,,,,,,,,,,,,,,
Fri,31-Jul,Tryouts Main Field,Tryouts Side Field,,Tryouts Gym 2,Tryouts Gym 2,,,,,,,,,,,,,,
Sat,1-Aug,,,,,,,,,,,,,,,,,,,
WEEK #2,,,,,,,,,,,,,,,,,,,,
Mon,3-Aug,Tryouts Main Field,Tryouts Side Field,,,,,Practice Gym 2,Practice Gym 2,,Tryouts,,,,,,,,,
Tues,4-Aug,Tryouts Main Field,Tryouts Side Field,,Tryouts Gym 2,Tryouts Gym 2,,Practice Covered,Practice Gym 1,,,,,,,,,,,
Wed,5-Aug,,,,,,,,,,Tryouts  AM,,,,,,,,,
Thur,6-Aug,,,,Tryouts Gym 2,Tryouts Gym 2,,,,,,,,,,,,,,
Fri,7-Aug,Tryouts Main Field,Tryouts Side Field,,Tryouts Gym 2,Tryouts Gym 2,,Practice Gym 1,Practice Covered,,Tryouts,,First Practice,,,,,,,
Sat,8-Aug,,,,,,,,,,,,,,,,,,,
WEEK #3,,,,,,,,,,,,,,,,,,,,
Mon,10-Aug,Practice Main Field,Practice Side Field,,,,,Practice Gym 2,Practice Gym 2,,Tryouts,,Practice,,,,,,,
Tues,11-Aug,Practice Main Field,Practice Side Field,,Practice Gym 2,Practice Gym 2,,Practice Covered,Practice Gym 1,,,,,,,,,,,
Wed,12-Aug,,,,,,,,,,Tryouts  AM,,,,,,,,,
Thur,13-Aug,,,,PGRI 83 @LV 15:30,PGRI 83 @LV 15:30,,,,,,,Practice,,,,,,,
Fri,14-Aug,Practice Main Field,Practice Side Field,,Practice Gym 2 AM,Practice Gym 2 AM,,Practice Gym 1,Practice Covered,,Tryouts,,,,,,,,,
Sat,15-Aug,SMK 31 @LV 08:00,SMK 31 @LV 08:00,,LV @ KV  09:00,LV @ KV  08:00,,,,,,,,,,,,,,
WEEK #4,,,,,,,,,,,,,,,,,,,,
Mon,17-Aug,Independence Day,,,,,,,,,,,,,,,,,,
Tues,18-Aug,Practice Main Field,Practice Side Field,,Practice Gym 2,Practice Gym 2,,SMP 6 @LV 16:00 Gym 1,Practice Covered & Outdoor,,Practice,,,,,,,,,
Wed,19-Aug,,,,,,,,,,,,,,,,,,,
Thur,20-Aug,,,,SPH Staff @LV  16:00,1 Parung Panjang @LV 15:30,,,,,Practice AM,,Practice,,Practice Gym 1,Practice Covered Tennis Courts,Practice Covered Tennis Courts,,,
Fri,21-Aug,Practice Main Field,Practice Side Field,,Practice Gym 2,Practice Gym 2,,Practice Gym 1,Practice Covered,,,,,,,,,,,
Sat,22-Aug,SMA 17 @LV 08:00,SMA 17 @LV 08:00,,,,,ACS-A @LV-A   08:00      ACS-B @LV-B   09:15,ACS @LV 08:00,,Practice,,,,,,,,,
WEEK #5,,   ,,,,,,,,,,,,,,,,,,
Mon,24-Aug,Academic Holiday,,,,,,,,,,,,,,,,,,
Tues,25-Aug,Maulib Nabi,,,,,,,,,,,,,,,,,,
Wed,26-Aug,,,,,,,,,,,,,,,,,,,
Thur,27-Aug,,,,SMA 15 @LV  15:30,SMA 15 @LV  15:30,,,,,Practice AM,,Practice,,Practice Covered Tennis Courts,Practice Covered Tennis Courts,Practice Gym 1,,,
Fri,28-Aug,Practice Main Field,Practice Side Field,,Practice Gym 2,Practice Gym 2,,Practice Gym 1,Practice Covered,,,,,,,,,,,
Sat,29-Aug,ACS @ LV 08:00,ACS @ LV 08:00,,LV v STL 08:00                    JIS v STL 09:00                    LV v JIS 10:00,LV v STL 08:00                    JIS v STL 09:00                    LV v JIS 10:00,,LV @ KV,LV @ KV,,Practice,,LV @JIS 07:30,,,,,,,
WEEK #6,, ,,,,,,,,,,,,,,,,,,
Mon,31-Aug,Practice Main Field,Practice Side Field,,,,,Practice Gym 2,Practice Gym 2,,Practice,,Practice,,Practice Gym 1,Practice Covered Tennis Courts,Practice Covered Tennis Courts,,,
Tues,1-Sep,Practice Main Field,Practice Side Field,,Practice Gym 2,Practice Gym 2,,Practice Covered,Practice Gym 1,,,,,,,,,,,
Wed,2-Sep,,,,,,,,,,Practice AM,,,,,,,,,
Thur,3-Sep,,,,Practice Gym 2,Practice Gym 2,,,,,,,Practice,,Practice Covered Tennis Courts,Practice Gym 1,Practice Covered Tennis Courts,,,
Fri,4-Sep,Practice Main Field,Practice Side Field,,Practice Gym 2,Practice Gym 2,,Practice Gym 1,Practice Covered,,Practice,,,,,,,,,
Sat,5-Sep,LV/KV @ GJS,LV/KV @ GJS,,LV v ACS 08:00                    ACS v GJS 09:00                    LV v GJS 10:00,LV v ACS 08:00                    ACS v GJS 09:00                    LV v GJS 10:00,,GJS @LV 11:15,GJS @LV 11:15,,,,,,,,,,,
WEEK #7,,,,,,,,,,,,,,,,,,,,
Mon,7-Sep,STL @ LV,Practice Side Field,,,,,Practice Gym 2,Practice Gym 2,,Practice,,Practice,,Practice Covered Tennis Courts,Practice Covered Tennis Courts,Practice Gym 1,,,
Tues,8-Sep,Practice Main Field,LV @ STL,,Practice Gym 2,Practice Gym 2,,Practice Covered,Practice Gym 1,,,,,,,,,,,
Wed,9-Sep,Spiritual Retreats,,,,,,,,,,,,,,,,,,
Thur,10-Sep,,,,,,,,,,,,,,Practice Gym 2,Practice Gym 2,Practice Gym 1,,,
Fri,11-Sep,,,,,,,,,,,,,,,,,,,
Sat,12-Sep,,,,,,,,,,,,,,,,,,,
WEEK #8,,,,,,,,,,,,,,,,,,,,
Mon,14-Sep,Campus PD Day - No classes,,,,,,,,,,,,,,,,,,
Tues,15-Sep,SPH Cup,SPH Cup,,Practice Gym 2,Practice Gym 2,,Practice Covered,Practice Gym 1,,,,,,,,,,,
Wed,16-Sep,,,,,,,,,,Practice AM,,,,,,,,,
Thur,17-Sep,,,,Practice Gym 2,Practice Gym 2,,,,,,,Practice,,Practice Gym 1,Practice Covered Tennis Courts,Practice Covered Tennis Courts,,,
Fri,18-Sep,,,,Practice Gym 2,Practice Gym 2,,Practice Gym 1,Practice Covered,,Practice,,,,,,,,,
Sat,19-Sep,,,,,,,AIS/STL @ LV,AIS/STL @ LV,,,,,,,,,,,
WEEK #9,,,,,,,,,,,,,,,,,,,,
Mon,21-Sep,Practice Main Field,Practice Side Field,,,,,Practice Gym 2,Practice Gym 2,,Practice,,Practice,,Practice Covered Tennis Courts,Practice Gym 1,Practice Covered Tennis Courts,,,
Tues,22-Sep,Practice Main Field,Practice Side Field,,Practice Gym 2,Practice Gym 2,,Practice Covered,Practice Gym 1,,,,,,,,,,,
Wed,23-Sep,,,,,,,,,,Practice AM,,,,,,,,,
Thur,24-Sep,,,,Practice Gym 2,Practice Gym 2,,,,,,,,,Practice Covered Tennis Courts,Practice Covered Tennis Courts,Practice Gym 1,,,
Fri,25-Sep,YPPH Retreat,,,,,,,,,,,,,,,,,,
Sat,26-Sep,,,,LV @ ACG,LV @ ACG,,ACG/BSJ @ LV,ACG/BSJ @ LV,,,,,,,,,,,
WEEK #10,,,,,,,,,,,,,,,,,,,,
Mon,28-Sep,Practice Main Field,Practice Side Field,,SPH Cup,SPH Cup,,Practice Outdoor courts,Practice Outdoor courts,,Practice,,Practice,,Practice Gym 1,Practice Covered Tennis Courts,Practice Covered Tennis Courts,,,
Tues,29-Sep,Practice Main Field,Practice Side Field,,,,,Practice Covered,Practice Gym 1,,,,,,,,,,,
Wed,30-Sep,,,,,,,,,,Practice AM,,,,,,,,,
Thur,1-Oct,,,,Practice Gym 2,Practice Gym 2,,,,,,,Practice,,Practice Covered Tennis Courts,Practice Gym 1,Practice Covered Tennis Courts,,,
Fri,2-Oct,LV @ BSJ,LV @ BSJ,,BSJ @ LV,BSJ @ LV,,Practice Gym 1,Practice Covered,,Practice,,,,,,,,,
Sat,3-Oct,,,,,,,,,,,,,,,,,,,
WEEK #11,,,,,,,,,,,,,,,,,,,,
Mon,5-Oct,Quarter Break,,,,,,,,,,,,,,,,,,
Tues,6-Oct,,,,,,,,,,,,,,,,,,,
Wed,7-Oct,,,,,,,,,,,,,,,,,,,
Thur,8-Oct,,,,,,,,,,,,,,,,,,,
Fri,9-Oct,,,,,,,,,,,,,,,,,,,
Sat,10-Oct,,,,,,,,,,,,,,,,,,,
WEEK #12,,,,,,,,,,,,,,,,,,,,
Mon,12-Oct,Practice Main Field,Practice Side Field,,,,,Practice Gym 1,Practice Gym 1,,Practice,,Practice,,Practice Covered Tennis Courts,Practice Covered Tennis Courts,Practice Gym 1,,,
Tues,13-Oct,Practice Main Field,Practice Side Field,,Practice Gym 2,Practice Gym 2,,,,,,,,,,,,,,
Wed,14-Oct,,,,,,,,,,Practice AM,,,,,,,,,
Thur,15-Oct,,,,Practice Gym 2,Practice Gym 2,,SPH Cup,,,,,Practice,,Practice Gym 1,Practice Covered Tennis Courts,Practice Covered Tennis Courts,,,
Fri,16-Oct,Practice Main Field,Practice Side Field,,JIS JV Cup,,,,,,Practice,,,,,,,,,
Sat,17-Oct,,,,,,,,,,,,,,,,,,,
WEEK #13,,,,,,,,,,,,,,,,,,,,
Mon,19-Oct,,Practice Side Field,,,,,Practice Gym 2,Practice Gym 2,,Practice,,Practice,,Practice Covered Tennis Courts,Practice Gym 1,Practice Covered Tennis Courts,,,
Tues,20-Oct,ACSC @ Grace,Practice Side Field,,ACSC @ HK,ACSC @ BKK,,Practice Gym 2,Practice Gym 2,,,,,, ,,,,,
Wed,21-Oct,,,,,,,,,,Practice AM,,,,,,,,,
Thur,22-Oct,,,,,,,,,,,,Practice,,Practice Gym 2,Practice Gym 2,Practice Gym 1,,,
Fri,23-Oct,,Practice Side Field,,,,,Practice Gym 2,Practice Gym 2,,Practice,,,,,,,,,
Sat,24-Oct,,,,,,,JAAC Finals,,,,,,,,,,,,
WEEK #14,,,,,,,,,,,,,,,,,,,,
Mon,26-Oct,Practice Main Field,Practice Side Field,,,,,,,,Practice,,Practice,,SPH Cup,SPH Cup,Practice Gym 1,,,
Tues,27-Oct,Practice Main Field,Practice Side Field,,Practice Gym 2 AM,Practice Gym 2 AM,,,,,,,,,,,,,,
Wed,28-Oct,,,,,,,,,,,,,,,,Basketball Festival,,,
Thur,29-Oct,,,,Practice Gym 2,Practice Gym 2,,`,,,ACSC @ YISS,,Practice,,,,,,,
Fri,30-Oct,Practice Main Field,Practice Side Field,,Practice Gym 2,Practice Gym 2,,,,,,,,,,,,,,
Sat,31-Oct,JAAC,JAAC,,JAAC,JAAC,,,,,,,,,,,,,,
WEEK #15,,,,,,,,,,,,,,,,,,,,
Mon,2-Nov,,,,,,,,,,,,Practice,,,,,,,
Tues,3-Nov,,,,,,,,,,,,,,,,,,,
Wed,4-Nov,,,,,,,,,,,,,,,,,,,
Thur,5-Nov,,,,,,,,,,,,Practice,, ,,,,,
Fri,6-Nov,,,,,,,,,,,,,,,,,,,
Sat,7-Nov,JAAC (alternate date),JAAC (alternate date),,JAAC (alternate date),JAAC (alternate date),,,,,,,,,,,,,,
WEEK #15,,,,,,,,,,,,,,,,,,,,
Mon,9-Nov,,,,,,,,,,,,Practice,,,,,,,
Tues,10-Nov,,,,,,,,,,,,,,,,,,,
Wed,11-Nov,,,,,,,,,,,,,,,,,,,
Thur,12-Nov,,,,,,,,,,,,Practice,,,,,,,
Fri,13-Nov,,,,,,,,,,,,,,,,,,,
Sat,14-Nov,,,,,,,,,,,,SPHLV XC INVITATIONAL,,,,,,,
,,,,,,,,,,,,,,,,,,,,
,,,,,,,,,,,,,,,,,,,,
,,,,,,,,,,,,,,,,,,,,
,,,,,,,,,,,,,,,,,,,,
,,,,,,,,,,,,,,,,,,,,
,,,,,,,,,,,,,,,,,,,,
,,,,,,,,,,,,,,,,,,,,
